Municipality,Year,MedianPricePerSqm,TransactionCount,MedianBuildingAge,MedianStationTime,AppreciationProbability
"Hanamigawa Ward,Chiba City",2018,115966.38655462186,102,35.0,19.5,0.9139077
Kamagaya City,2018,109333.33333333333,45,35.0,13.0,0.82688737
"Wakaba Ward,Chiba City",2018,138095.2380952381,32,24.5,9.5,0.81942326
Narashino City,2018,275595.2380952381,114,23.0,11.0,0.8062163
"Midori Ward,Chiba City",2018,160924.36974789915,38,23.0,10.5,0.80041844
"Inage Ward,Chiba City",2018,214835.16483516485,98,24.5,21.0,0.76320547
"Mihama Ward,Chiba City",2018,162222.22222222222,209,42.0,10.0,0.7614999
Nagareyama City,2018,200000.0,61,21.0,9.0,0.72346395
Urayasu City,2018,517894.7368421053,146,18.0,16.0,0.6396606
Sakura City,2018,186666.66666666666,77,22.0,7.0,0.6254436
Yachiyo City,2018,185164.83516483515,78,13.0,13.5,0.58655566
Ichikawa City,2018,425000.0,247,21.0,11.0,0.57235986
Matsudo City,2018,257142.85714285713,246,23.0,10.0,0.5440649
Narita City,2018,263333.3333333334,40,23.0,23.5,0.52842444
"Chuo Ward,Chiba City",2018,300000.0,100,19.0,9.0,0.43401638
"Shisui Town,Inba County",2018,94117.64705882352,7,30.0,4.0,0.42985472
Shiroi City,2018,123636.36363636363,45,23.0,6.0,0.37688184
Abiko City,2018,232051.28205128206,56,24.0,8.0,0.37004
Ichihara City,2018,173333.33333333334,49,23.0,13.0,0.28262335
Funabashi City,2018,333333.3333333333,380,17.0,10.0,0.282242
Kashiwa City,2018,271008.40336134454,156,20.0,12.0,0.24846618
Inzai City,2018,205555.55555555556,92,15.0,10.0,0.2384872
Noda City,2018,154545.45454545453,14,20.0,11.0,0.1755789
Yotsukaido City,2018,257142.85714285713,11,20.0,10.0,0.09449831
